ISO3c,labor_workinjury_firstlaw,labor_workinjury_firstins,year,Work_Inj_Cov_LF,Sick_Cov_LF,Sick_Cov_Pop,RR_Sing,RR_Fam,RR_Avg_Sing,replacement_rate_perm,duration_perm,replacement_rate_temp,duration_temp,qualifying_period,Dis_RR,gini_disp,gini_mkt,Coverage_pct_LF,Program Type,lfp_female,lfp_total,Region,South,gdppc,pop,Region_factor,gdppc_k,global_south,Colonial_Legacy
USA,1908,1916,2020,0.88,1,0.59,0.95,1.21,0.91,60,unlimited,66.7,1.5 months,NA,80.914,38.08,50.96,0.848,Employer liability; social insurance (pneumoconiosis,57.358,64.0752,Northern America,NA,55334.7394,327834.6583,Northern America,55.3347394,0,UK
PRI,1916,1918,NA,NA,NA,NA,NA,NA,NA,NA,NA,NA,NA,NA,NA,51.02,55.18,NA,NA,35.1828,43.3198,Latin America and the Caribbean,Global South,35076.2933,3294.626,Latin America and the Caribbean,35.076293299999996,1,None
CAN,1918,1918,2020,0.82,0.81,0.64,0.97,1.36,0.95,85,unlimted,87.5,unlimited,NA,NA,31.18,47.22,0.691,Social insurance,60.5856,65.6352,Northern America,NA,44868.7435,37206.33528,Northern America,44.868743499999994,0,UK
BHS,1943,1972,NA,NA,NA,NA,NA,NA,NA,66.6,unlimited,66.6,10 months,NA,NA,44.04,46.160000000000004,0.826,Social insurance,75.3582,76.5128,Latin America and the Caribbean,Global South,23000,NA,Latin America and the Caribbean,23,1,None
CUB,1916,1940,NA,NA,NA,NA,NA,NA,NA,70,unlimited,80,6 months,NA,NA,NA,NA,0.9440000000000001,Social insurance (cash); universal (medical care),43.9532,58.7406,Latin America and the Caribbean,NA,8325.6313,11116.396,Latin America and the Caribbean,8.3256313,0,Spain
HTI,1943,1951,NA,NA,NA,NA,NA,NA,NA,60,unlimited,66.7,unlimited,NA,NA,53.7,57.44,0.157,Social insurance,74.3632,78.3386,Latin America and the Caribbean,Global South,1729.0432,10788.44,Latin America and the Caribbean,1.7290432,1,France
DOM,1932,1932,NA,NA,NA,NA,NA,NA,NA,90,unlimited,75,12 months,NA,NA,42.94,45.68,NA,Social insurance,55.2548,69.2324,Latin America and the Caribbean,Global South,15912.3995,10385.30608,Latin America and the Caribbean,15.9123995,1,None
JAM,1937,1965,NA,NA,NA,NA,NA,NA,NA,60,unlimited,60,12 months,NA,NA,40.2,42.14,0.52,Social insurance,65.6732,73.15,Latin America and the Caribbean,Global South,7272.9805,2671.788021,Latin America and the Caribbean,7.2729805,1,UK
TTO,1926,1971,NA,NA,NA,NA,NA,NA,NA,60,unlimited,66.7,12 months,NA,NA,41.7,44.08,0.655,Social insurance,51.3992,62.0712,Latin America and the Caribbean,Global South,28549.4083,1215.343972,Latin America and the Caribbean,28.5494083,1,UK
BRB,1916,1943,NA,NA,NA,NA,NA,NA,NA,85,unlimited,90,12 months,NA,76.983,42.66,44.72,0.6559999999999999,Social insurance,62.578,66.8012,Latin America and the Caribbean,Global South,11995.1868,293.131,Latin America and the Caribbean,11.995186799999999,1,UK
DMA,1938,1976,NA,NA,NA,NA,NA,NA,NA,70,unlimited,60,6 months,NA,NA,44.14,44.96,0.608,Employer liability,NA,NA,Latin America and the Caribbean,Global South,9021.1737,74.027,Latin America and the Caribbean,9.021173699999999,1,None
GRD,1966,1966,NA,NA,NA,NA,NA,NA,NA,75,unlimited,70,12 months,NA,NA,43.9,45.38,0.607,Social insurance,NA,NA,Latin America and the Caribbean,Global South,8000,NA,Latin America and the Caribbean,8,1,UK
LCA,1964,1970,NA,NA,NA,NA,NA,NA,NA,65,variable,65,12 months,duration depends on length of work,NA,45.44,48.06,0.495,Social insurance,66.1332,72.4456,Latin America and the Caribbean,Global South,10475.3689,165.51,Latin America and the Caribbean,10.4753689,1,None
VCT,1939,1970,NA,NA,NA,NA,NA,NA,NA,60,unlimited,70,6 months,NA,NA,48.24,49.18,0.594,Social insurance,58.37,67.6336,Latin America and the Caribbean,Global South,8000,NA,Latin America and the Caribbean,8,1,None
ATG,1937,1970,NA,NA,NA,NA,NA,NA,NA,90,60 months,75,60 months,NA,NA,47.1,46.8,NA,NA,NA,NA,Latin America and the Caribbean,Global South,15000,NA,Latin America and the Caribbean,15,1,UK
KNA,1937,1968,NA,NA,NA,NA,NA,NA,NA,75,unlimited,75,6 months,NA,NA,41.06,41.839999999999996,0.8059999999999999,Social insurance,NA,NA,Latin America and the Caribbean,Global South,19000,NA,Latin America and the Caribbean,19,1,None
MEX,1931,1931,NA,NA,NA,NA,NA,NA,NA,70,unlimited,100,unlimited,NA,NA,42.26,44.800000000000004,0.493,Social insurance,46.509,63.6766,Latin America and the Caribbean,Global South,16494.079,121655.7644,Latin America and the Caribbean,16.494079000000003,1,Spain
BLZ,1979,1979,NA,NA,NA,NA,NA,NA,NA,60,unlimited,75,6 months,NA,NA,50.02,53.4,0.8059999999999999,Social insurance,54.6514,70.68,Latin America and the Caribbean,Global South,5000,NA,Latin America and the Caribbean,5,1,UK
GTM,1906,1906,NA,NA,NA,NA,NA,NA,NA,50,unlimited,60,unlimited,NA,68.776,45.18,46.86,0.6559999999999999,Social insurance,42.364,64.2606,Latin America and the Caribbean,Global South,7402.1146,17231.5597,Latin America and the Caribbean,7.4021146,1,Spain
HND,1959,1971,NA,NA,NA,NA,NA,NA,NA,70,unlimited,100,6 months,NA,NA,47.64,48,0.163,Employer liability (involving insurance with a public or private carrier),49.7564,67.6802,Latin America and the Caribbean,Global South,5041.6354,9001.592,Latin America and the Caribbean,5.0416354000000005,1,Spain
SLV,1911,1953,NA,NA,NA,NA,NA,NA,NA,75,unlimited,75,12 months,NA,NA,38.34,40,0.268,Social insurance,49.552,63.869,Latin America and the Caribbean,Global South,8598.1982,6368.351,Latin America and the Caribbean,8.5981982,1,Spain
NIC,1930,1930,NA,NA,NA,NA,NA,NA,NA,75,unlimited,60,6 months,NA,NA,43.28,47.04,0.449,Social insurance,54.3942,69.9514,Latin America and the Caribbean,Global South,4952.4772,6085.213,Latin America and the Caribbean,4.952477200000001,1,Spain
CRI,1925,1925,NA,NA,NA,NA,NA,NA,NA,90,unlimited,81.75,24 months,NA,88.139,45.94,50.14,0.601,Employer liability (involving compulsory and voluntary insurance with a public carrier),48.9338,63.4336,Latin America and the Caribbean,Global South,14686.2539,4993.580327,Latin America and the Caribbean,14.6862539,1,Spain
PAN,1916,1916,NA,NA,NA,NA,NA,NA,NA,55,unlimited,73.3,unlimited,NA,89.087,46.42,50.76,0.596,Employer liability (involving insurance with a public carrier),55.4528,68.6054,Latin America and the Caribbean,Global South,22637.1482,3800.644,Latin America and the Caribbean,22.6371482,1,None
COL,1915,1949,NA,NA,NA,NA,NA,NA,NA,75,unlimited,100,6 months,NA,86.805,46.68,48.28,0.445,Social insurance and individual account system,59.2308,72.051,Latin America and the Caribbean,Global South,13545.0495,48128.32639,Latin America and the Caribbean,13.5450495,1,Spain
VEN,1928,1966,NA,NA,NA,NA,NA,NA,NA,50,unlimited,100,unlimited,NA,NA,37.5,40.34,0.579,Social insurance,47.2182,62.8428,Latin America and the Caribbean,Global South,10709.9506,28890.2371,Latin America and the Caribbean,10.7099506,1,Spain
GUY,1916,1969,NA,NA,NA,NA,NA,NA,NA,70,unlimited,70,6 months,NA,NA,45.7,47.5,0.5660000000000001,Social insurance,42.3922,56.01,Latin America and the Caribbean,Global South,7000,NA,Latin America and the Caribbean,7,1,UK
SUR,1947,1947,NA,NA,NA,NA,NA,NA,NA,80,unlimited,80,unlimited,NA,84.164,46.86,48.58,NA,NA,49.8948,61.3022,Latin America and the Caribbean,Global South,5000,NA,Latin America and the Caribbean,5,1,Netherlands
ECU,1921,1938,NA,NA,NA,NA,NA,NA,NA,85,unlimited,70.5,24 months,NA,78.591,42.06,43.86,0.49,Social insurance,60.207,73.208,Latin America and the Caribbean,Global South,10638.8251,16498.502,Latin America and the Caribbean,10.6388251,1,Spain
PER,1911,1936,NA,NA,NA,NA,NA,NA,NA,80,unlimited,100,11 months,NA,75.501,44.3,47.36,0.395,Social insurance,70.494,79.0968,Latin America and the Caribbean,Global South,12310.0847,31382.08441,Latin America and the Caribbean,12.310084699999999,1,Spain
BRA,1919,1919,NA,NA,NA,NA,NA,NA,NA,90,unlimited,91,unlimited,NA,NA,46.2,55.28,0.565,Social insurance,52.578,63.1786,Latin America and the Caribbean,Global South,14033.5656,211307.77,Latin America and the Caribbean,14.0335656,1,Portugal
BOL,1924,1935,NA,NA,NA,NA,NA,NA,NA,75,unlimited,100,6 months,NA,93.764,42.62,42.28,0.16,Social insurance; mandatory private insurance,66.28399999999999,77.1416,Latin America and the Caribbean,Global South,6695.7746,11306.341,Latin America and the Caribbean,6.6957746,1,Spain
PRY,1927,1943,NA,NA,NA,NA,NA,NA,NA,75,unlimited,75,12 months,NA,NA,44.86,45.9,0.321,Social insurance,62.5218,75.9102,Latin America and the Caribbean,Global South,9338.9484,7098.536379,Latin America and the Caribbean,9.3389484,1,Spain
CHL,1916,1968,NA,NA,NA,NA,NA,NA,NA,70,unlimited,100,12 months,NA,70.956,44.06,50.18,0.76,Social insurance,52.226800000000004,64.7868,Latin America and the Caribbean,Global South,22104.7654,18676.22752,Latin America and the Caribbean,22.1047654,1,Spain
ARG,1915,1916,NA,NA,NA,NA,NA,NA,NA,69,53 months,100,12 months,NA,NA,37.8,39.58,0.449,Employer liability,52.7122,64.3182,Latin America and the Caribbean,Global South,18556.3831,44694.76893,Latin America and the Caribbean,18.556383099999998,1,Spain
URY,1920,1920,NA,NA,NA,NA,NA,NA,NA,102,unlimited,66.7,unlimited,NA,NA,36,46.02,0.546,Mandatory insurance through a public carrier,58.6976,67.1026,Latin America and the Caribbean,Global South,20185.836,3396.476271,Latin America and the Caribbean,20.185836,1,None
GBR,1880,1934,2020,0.95,0.95,0.75,0.19,0.37,0.22,35,unlimited,30,6 months,NA,NA,33,52.6,0.68,Social insurance; social assistance,58.4024,64.0054,Northern Europe,NA,38058.0856,66745.60905,Northern Europe,38.0580856,0,None
IRL,1897,1934,NA,NA,NA,NA,NA,NA,NA,60,unlimited,35,5 months,NA,80.378,29.58,50.2,0.718,Social insurance,57.468,64.6562,Northern Europe,NA,64684.302,4859.318942,Northern Europe,64.684302,0,None
NLD,1901,1901,2020,0.84,0.84,0.69,0.7,0.72,0.71,85,26 months,85,26 months,NA,76.423,26.5,47.120000000000005,0.976,Social insurance | No specific programme for employment injury,57.5378,63.586,Western Europe,NA,47474.1095,17231.62408,Western Europe,47.4741095,0,None
BEL,1903,1903,2020,0.81,0.89,0.6,1.17,1.15,1,90,unlimted,90,unlimited,NA,78.298,26,48.1,0.631,Social insurance,52.3678,57.8166,Western Europe,NA,39756.2031,11429.26836,Western Europe,39.7562031,0,None
LUX,1902,1902,2020,0.98,0.98,0.64,1.15,1.16,1,100,unlimited,100,12 months,NA,80.51,29.1,47.94,0.7709999999999999,Social insurance,59.4702,64.5998,Western Europe,NA,57427.5003,609.7263015,Western Europe,57.4275003,0,None
FRA,1894,1894,2020,0.83,0.83,0.59,1.05,0.99,0.8,100,unlimited,76.7,unlimited,NA,74.866,29.68,48.9,0.741,Social insurance,53.958999999999996,58.4788,Western Europe,NA,38515.9193,67028.7493,Western Europe,38.5159193,0,None
MCO,1930,1930,NA,NA,NA,NA,NA,NA,NA,100,unlimited,63.8,unlimited,NA,NA,NA,NA,NA,Mandatory private insurance,NA,NA,Western Europe,NA,100000,NA,Western Europe,100,0,None
LIE,1910,1910,NA,NA,NA,NA,NA,NA,NA,80,unlimited,50,unlimited,NA,NA,NA,NA,NA,Social insurance,NA,NA,Western Europe,NA,100000,NA,Western Europe,100,0,None
CHE,1911,1911,2020,0.96,0.96,0.83,0.87,0.88,0.83,80,unlimited,70,unlimited,NA,NA,28.7,40.48,0.667,Mandatory private insurance,62.1566,68.4622,Western Europe,NA,61372.7301,8667.875051,Western Europe,61.3727301,0,None
ESP,1900,1931,2020,0.68,0.7,0.48,0.85,0.79,0.82,100,unlimited,75,12 months,NA,85.558,33.6,50.78,0.483,Social insurance,55.1406,61.0684,Southern Europe,NA,31496.52,47379.84293,Southern Europe,31.49652,0,None
AND,1966,1966,NA,NA,NA,NA,NA,NA,NA,100,unlimited,65,unlimited,NA,NA,30.68,40.32,NA,NA,NA,NA,Southern Europe,NA,37000,NA,Southern Europe,37,0,None
PRT,1913,1913,NA,NA,NA,NA,NA,NA,NA,90,unlimited,70,unlimited,NA,77.589,33.08,51.38,0.773,Employer liability (involving insurance with a private carrier) (work injury); social insurance (occupational diseases),57.0064,62.2906,Southern Europe,NA,27035.6002,10221.47042,Southern Europe,27.0356002,0,None
DEU,1871,1884,2020,1,0.72,0.64,0.98,0.95,0.98,70,unlimited,92.5,6 months,NA,74.998,29.02,52.120000000000005,0.63,Social insurance,57.1976,62.8984,Western Europe,NA,46177.6187,84152.4834,Western Europe,46.1776187,0,None
POL,1919,1924,2020,0.95,0.94,0.63,1.23,1.19,1,100,12 months,100,6 months,NA,NA,29.08,46.78,1,Social insurance,50.683,59.3426,Eastern Europe,NA,27455.237,38370.79814,Eastern Europe,27.455237,0,None
AUT,1854,1854,2020,1,0.81,0.63,0.82,0.81,0.91,66.7,unlimited,76.7,unlimited,NA,74.782,27.580000000000002,48.32,0.774,Social insurance,56.2096,61.8698,Western Europe,NA,42988.0709,8892.454031,Western Europe,42.9880709,0,None
HUN,1907,1907,2020,0.88,0.88,0.62,1.11,1.1,1,30,unlimited,98,6 months,NA,NA,27.88,51.06,0.7829999999999999,Social insurance | No specific programme for employment injury,51.2672,60.0942,Eastern Europe,NA,25622.8123,9773.575216,Eastern Europe,25.6228123,0,None
CZE,1887,1887,2020,0.79,0.87,0.68,1.34,1.41,1,75,unlimited,100,12 months,NA,NA,25,44.24,0.662,Social insurance; employer liability,55.4206,63.8604,Eastern Europe,NA,30748.5084,10605.40276,Eastern Europe,30.7485084,0,None
SVK,1887,1887,2020,0.79,0.84,0.61,1.13,1.03,1,75,unlimited,45,unlimited,NA,98.089,24.099999999999998,40.2,0.664,Social insurance,56.2632,63.8818,Eastern Europe,NA,27075.5344,5409.18099,Eastern Europe,27.075534400000002,0,None
ITA,1898,1898,2020,0.93,0.71,0.46,0.74,0.78,0.68,87.5,unlimited,67.5,unlimited,NA,95.777,33.52,51.86,0.722,Social insurance,42.9356,52.5008,Southern Europe,NA,34364.1682,60446.9496,Southern Europe,34.3641682,0,None
SMR,1983,1983,NA,NA,NA,NA,NA,NA,NA,90,unlimited,100,unlimited,NA,NA,24.32,38.1,0.9690000000000001,Social insurance,NA,NA,Southern Europe,NA,45000,NA,Southern Europe,45,0,None
MLT,1929,1929,2020,0.96,0.96,0.77,1.13,1.13,1,40,unlimited,56,12 months,NA,82.5,27.12,44.4,0.735,Social insurance,48.8698,60.5342,Southern Europe,NA,32028.9124,487.2596037,Southern Europe,32.0289124,0,None
ALB,1947,1947,NA,NA,NA,NA,NA,NA,NA,90,60 months,75,60 months,NA,NA,40.14,47.28,0.34700000000000003,Social insurance,55.9886,64.4664,Southern Europe,NA,11104.1665,3062.734429,Southern Europe,11.1041665,0,None
HRV,1922,1922,2020,0.91,1,0.65,1.03,1,0.87,100,18 months,100,18 months,NA,NA,29.580000000000002,45.28,0.682,"Social insurance (temporary disability benefits); permanent benefits are covered under old age, disability and survivors",47.5182,53.7132,Southern Europe,NA,22012.3147,3860.506699,Southern Europe,22.012314699999997,0,None
SRB,1922,1922,NA,NA,NA,NA,NA,NA,NA,65,unlimited,100,unlimited,rate depends on length of work,NA,33.66,50.96,0.662,Social insurance | No specific programme for employment injury,49.9752,58.081,Southern Europe,NA,14124.1177,7078.11,Southern Europe,14.124117700000001,0,None
SVN,1922,1922,2020,1,1,0.78,1.18,1.19,1,35,unlimited,100,unlimited,NA,71.343,25.04,41.8,0.802,Social insurance,55.6274,60.635,Southern Europe,NA,29244.9198,2066.679548,Southern Europe,29.244919799999998,0,None
GRC,1901,1901,NA,NA,NA,NA,NA,NA,NA,45,unlimited,60,variable,duration depends on length of work,97.304,33,50.620000000000005,0.469,Social insurance,47.1804,55.6062,Southern Europe,NA,23450.7658,10662.1611,Southern Europe,23.450765800000003,0,None
CYP,1925,1964,2020,0.82,0.95,0.69,0.6,0.78,0.68,65,unlimited,60,unlimited,NA,67.286,30.26,49,0.682,Social insurance,60.0752,67.1382,Western Asia,NA,27184.4166,1022.282576,Western Asia,27.1844166,0,None
BGR,1906,1909,NA,NA,NA,NA,NA,NA,NA,47,unlimited,90,unlimited,NA,NA,36.68,46.92,0.662,Social insurance,52.3678,58.9152,Eastern Europe,NA,18444.2602,7166.644156,Eastern Europe,18.444260200000002,0,None
MDA,1973,1993,NA,NA,NA,NA,NA,NA,NA,80,unlimited,100,6 months,NA,92.769,33.22,51.86,0.602,Social insurance (cash benefits); universal (medical benefits),40.989399999999996,45.0026,Eastern Europe,NA,6746.7285,3453.438884,Eastern Europe,6.746728500000001,0,None
ROU,1912,1912,2020,0.56,1,0.69,1.5,1.5,1,85,variable,85,6 months,NA,NA,33.3,44.54,0.631,Social insurance,48.291,58.3986,Eastern Europe,NA,20126.2922,19190.64338,Eastern Europe,20.126292199999998,0,None
RUS,1903,1903,NA,NA,NA,NA,NA,NA,NA,100,unlimited,100,unlimited,NA,NA,33.6,44.54,0.7440000000000001,Social insurance,58.4428,66.24759999999999,Eastern Europe,NA,24668.9079,146476.3075,Eastern Europe,24.668907899999997,0,None
EST,1903,1903,2020,0.82,0.92,0.74,1.03,1.03,1,50,unlimited,100,6 months,NA,72.04,32.36,47.3,0.768,Social insurance | No specific programme for employment injury,58.8832,65.9012,Northern Europe,NA,27408.6649,1291.906205,Northern Europe,27.408664899999998,0,None
LVA,1903,1903,2020,0.8,0.92,0.74,0.91,0.91,0.85,90,unlimited,80,3 months,NA,67.844,34.94,47.42,0.6920000000000001,Social insurance,57.729,63.9138,Northern Europe,NA,24312.6778,1927.491542,Northern Europe,24.312677800000003,0,None
LTU,1903,1903,2020,0.81,0.81,0.66,1.12,1.12,1,75,unlimited,100,unlimited,NA,71.564,35.2,53.1,0.647,Social insurance,59.4448,65.0968,Northern Europe,NA,27370.5548,2799.268136,Northern Europe,27.3705548,0,None
UKR,1922,1922,NA,NA,NA,NA,NA,NA,NA,70,unlimited,100,unlimited,NA,NA,27,22.14,0.6409999999999999,Social insurance (cash benefits); universal (medical benefits),51.5062,58.8406,Eastern Europe,NA,9813.3637,43952.299,Eastern Europe,9.8133637,0,None
BLR,1922,1922,NA,NA,NA,NA,NA,NA,NA,45,unlimited,100,unlimited,NA,NA,23.34,32.14,0.7090000000000001,Social insurance,59.8192,66.691,Eastern Europe,NA,18727.3176,9528.073531,Eastern Europe,18.7273176,0,None
ARM,1922,1922,NA,NA,NA,NA,NA,NA,NA,115,unlimited,80,unlimited,NA,88.982,37.1,48.62,0.593,Social insurance,46.7694,57.374,Western Asia,NA,11454.4251,2906.869202,Western Asia,11.4544251,0,None
GEO,1922,1922,NA,NA,NA,NA,NA,NA,NA,50,variable,100,unlimited,rate depends on length of work,NA,39.12,48.6,0.233,Employer liability,58.954,68.5696,Western Asia,NA,11984.9049,4921.590982,Western Asia,11.9849049,0,None
AZE,1922,1922,NA,NA,NA,NA,NA,NA,NA,60,variable,100,unlimited,duration depends on length of work,NA,30.18,38.24,0.397,Employer liability (involving insurance with a private carrier),67.115,71.512,Western Asia,NA,16628.0553,9647.924472,Western Asia,16.6280553,0,None
FIN,1895,1895,2020,0.92,1,1,1.28,1.06,1,85,unlimited,75,unlimited,NA,79.291,25.56,49,0.665,Employer liability; mandatory private insurance,55.72,60.0326,Northern Europe,NA,38896.7005,5515.525053,Northern Europe,38.8967005,0,None
SWE,1901,1916,2020,1,1,0.82,0.81,0.81,0.81,100,unlimited,80,12 months,NA,NA,26.18,50.92,0.848,Social insurance,61.7804,65.8132,Northern Europe,NA,45541.8921,10175.41026,Northern Europe,45.5418921,0,None
NOR,1894,1894,2020,0.96,1,0.83,1,1,1,95,unlimited,100,12 months,NA,NA,25.46,44.68,0.8959999999999999,Social insurance (cash benefits); universal (medical benefits) and employer liability (compulsary insurance with private),63.1396,65.7684,Northern Europe,NA,84580.1362,5312.583016,Northern Europe,84.5801362,0,None
DNK,1898,1898,2020,1,1,0.8,0.62,0.61,0.57,83,unlimited,100,5.5 months,NA,NA,25.72,47.96,0.88,Direct provision involving insurance with a private (accidents) or public (occupational diseases) carrier; Universal (medical benefits),57.1142,62.2114,Northern Europe,NA,46312.3443,5793.652404,Northern Europe,46.3123443,0,None
ISL,1917,1925,2020,0.97,0.97,0.83,0.79,0.87,0.86,80,unlimited,45,12 months,NA,NA,25.04,37.6,0.951,Social insurance; social assistance,69.1388,74.54039999999999,Northern Europe,NA,43438.5412,352.5730864,Northern Europe,43.4385412,0,None
CPV,1960,1978,NA,NA,NA,NA,NA,NA,NA,70,unlimited,66.7,unlimited,NA,NA,49.26,52.26,0.5660000000000001,Social insurance,56.3754,64.7802,Sub-Saharan Africa,Global South,6831.216,568.373,Sub-Saharan Africa,6.831216,1,None
STP,1979,1979,NA,NA,NA,NA,NA,NA,NA,70,unlimited,98,24 months,rate depends on length of work,NA,37.32,39.68,0.289,Social insurance,45.991,64.3068,Sub-Saharan Africa,Global South,3730.2045,204.454,Sub-Saharan Africa,3.7302044999999997,1,None
GNB,1960,1980,NA,NA,NA,NA,NA,NA,NA,70,unlimited,68,unlimited,NA,55.413,43.84,46.7,NA,NA,70.8764,80.8614,Sub-Saharan Africa,Global South,1501.4136,1833.247,Sub-Saharan Africa,1.5014136,1,Portugal
GNQ,1947,1965,NA,NA,NA,NA,NA,NA,NA,55,48 months,50,unlimited,NA,NA,50.3,52.3,0.145,Social insurance,61.8468,67.1086,Sub-Saharan Africa,Global South,28528.953,797.457,Sub-Saharan Africa,28.528953,1,Spain
GMB,1942,1990,NA,NA,NA,NA,NA,NA,NA,53,unlimited,60,6 months,NA,88.027,44.38,46.92,0.23399999999999999,Employer liability,57.8568,68.89959999999999,Sub-Saharan Africa,Global South,1882.2399,2092.731,Sub-Saharan Africa,1.8822399,1,UK
MLI,1926,1962,NA,NA,NA,NA,NA,NA,NA,90,unlimited,100,unlimited,NA,NA,40.12,42.24,0.091,Social insurance,61.245599999999996,74.8866,Sub-Saharan Africa,Global South,1667.2951,16506.74883,Sub-Saharan Africa,1.6672951,1,France
SEN,1926,1973,NA,NA,NA,NA,NA,NA,NA,100,unlimited,63.9,unlimited,NA,91.687,41.620000000000005,44,0.273,Social insurance,40.2594,54.4292,Sub-Saharan Africa,Global South,2617.1244,16355.94685,Sub-Saharan Africa,2.6171244000000002,1,France
BEN,1959,1998,NA,NA,NA,NA,NA,NA,NA,90,unlimited,66.7,12 months,NA,73.79,46.019999999999996,49.12,0.052000000000000005,Social insurance; employer liability,81.2808,86.8042,Sub-Saharan Africa,Global South,2220.1766,12017.978,Sub-Saharan Africa,2.2201766,1,France
MRT,1926,1967,NA,NA,NA,NA,NA,NA,NA,90,unlimited,66.7,unlimited,NA,NA,38.42,40.14,0.086,Social insurance,34.0408,55.779199999999996,Sub-Saharan Africa,Global South,3457.515,3840.429,Sub-Saharan Africa,3.457515,1,France
NER,1961,1965,NA,NA,NA,NA,NA,NA,NA,100,unlimited,63.8,unlimited,NA,NA,38.22,40.06,0.909,Social insurance,68.1114,79.7144,Sub-Saharan Africa,Global South,964.66010000000006,21233.84444,Sub-Saharan Africa,0.9646601,1,France
CIV,1925,1964,NA,NA,NA,NA,NA,NA,NA,100,unlimited,66.7,variable,NA,86.352,51.1,51.86,0.147,Social insurance,56.6436,70.322,Sub-Saharan Africa,Global South,3713.6436,27622.91532,Sub-Saharan Africa,3.7136435999999997,1,France
GIN,1926,1960,NA,NA,NA,NA,NA,NA,NA,70,unlimited,64,unlimited,NA,NA,39.9,42.1,0.145,Social insurance,70.8846,75.25019999999999,Sub-Saharan Africa,Global South,1606.4666,11855.411,Sub-Saharan Africa,1.6064666,1,France
BFA,1926,2006,NA,NA,NA,NA,NA,NA,NA,85,unlimited,66.7,unlimited,NA,NA,42.68,44.56,0.055,Social insurance (cash and medical benefits); employer liability (temporary cash benefits only),64.9898,73.4626,Sub-Saharan Africa,Global South,1589.6242,19699.64035,Sub-Saharan Africa,1.5896242,1,France
LBR,1943,1980,NA,NA,NA,NA,NA,NA,NA,65,unlimited,65,unlimited,NA,NA,36.76,38.96,0.805,Social insurance,80.4254,86.714,Sub-Saharan Africa,Global South,818.4211,4809.768,Sub-Saharan Africa,0.8184211,1,None
SLE,1940,2001,NA,NA,NA,NA,NA,NA,NA,100,56 months,60,96 months,NA,45.743,40.32,42.26,0.061,Employer liability (normally involving insurance with private),68.8238,71.95519999999999,Sub-Saharan Africa,Global South,1683.8497,6312.212,Sub-Saharan Africa,1.6838497,1,UK
GHA,1940,NA,NA,NA,NA,NA,NA,NA,NA,100,96 months,100,24 months,NA,81.853,43.46,46.14,0.166,Employer liability (normally involving insurance with a private carrier),75.4946,80.2582,Sub-Saharan Africa,Global South,4267.0667,27858.45603,Sub-Saharan Africa,4.2670667,1,UK
TGO,1964,1964,NA,NA,NA,NA,NA,NA,NA,80,unlimited,66.7,unlimited,NA,NA,43.86,46.52,0.8420000000000001,Social insurance,68.9622,73.9218,Sub-Saharan Africa,Global South,1451.3609,8176.449,Sub-Saharan Africa,1.4513608999999998,1,France
CMR,1959,1960,NA,NA,NA,NA,NA,NA,NA,85,unlimited,66.7,unlimited,NA,NA,44.879999999999995,48,0.124,Social insurance,80.3664,86.6618,Sub-Saharan Africa,Global South,2888.0459,26373.62691,Sub-Saharan Africa,2.8880459000000003,1,France
NGA,1941,1987,NA,NA,NA,NA,NA,NA,NA,90,unlimited,100,24 months,NA,NA,43.96,46.68,0.32799999999999996,Social insurance,59.9506,67.345,Sub-Saharan Africa,Global South,5237.6623,202534.2304,Sub-Saharan Africa,5.2376623,1,UK
GAB,1935,1975,NA,NA,NA,NA,NA,NA,NA,90,unlimited,100,unlimited,NA,NA,40.76,42.76,0.45,Social insurance,49.2884,60.6322,Sub-Saharan Africa,Global South,17613.5564,2083.239905,Sub-Saharan Africa,17.6135564,1,France
CAF,1935,2006,NA,NA,NA,NA,NA,NA,NA,90,192 months,63.8,unlimited,NA,NA,52.64,55.8,0.139,Social insurance,70.1732,81.71719999999999,Sub-Saharan Africa,Global South,623.4889,5745.062,Sub-Saharan Africa,0.6234888999999999,1,None
TCD,1935,1970,NA,NA,NA,NA,NA,NA,NA,90,unlimited,66.7,unlimited,NA,NA,42.64,45.14,0.047,Social insurance,56.6566,72.7748,Sub-Saharan Africa,Global South,2046.3631,15252.87389,Sub-Saharan Africa,2.0463631,1,France
COG,1928,1957,NA,NA,NA,NA,NA,NA,NA,60,unlimited,55.6,unlimited,NA,NA,48.2,51.08,0.142,Social insurance,77.2906,79.787,Sub-Saharan Africa,Global South,5714.5917,5164.601891,Sub-Saharan Africa,5.7145917,1,France
COD,1949,1949,NA,NA,NA,NA,NA,NA,NA,80,unlimited,66.7,unlimited,NA,NA,43.92,46.3,0.262,Social insurance,74.2404,81.7928,Sub-Saharan Africa,Global South,859.3817,95238.6834,Sub-Saharan Africa,0.8593817,1,Belgium
UGA,1946,1969,NA,NA,NA,NA,NA,NA,NA,100,60 months,67,12 months,NA,39.014,44.1,46.7,0.16,Employer liability (involving insurance with a private carrier),76.0688,81.03960000000001,Sub-Saharan Africa,Global South,2045.4203,42330.69875,Sub-Saharan Africa,2.0454203,1,UK
KEN,1940,1974,NA,NA,NA,NA,NA,NA,NA,90,96 months,50,12 months,NA,NA,46.22,49.2,0.09300000000000001,Employer liability (involving insurance with a public carrier),86.3102,89.8958,Sub-Saharan Africa,Global South,3377.4704,51371.55254,Sub-Saharan Africa,3.3774704,1,UK
TZA,1948,1965,NA,NA,NA,NA,NA,NA,NA,70,unlimited,70,24 months,NA,90.487,44.36,41.14,0.08800000000000001,Social insurance,85.0204,89.879,Sub-Saharan Africa,Global South,2874.9629,56366.81844,Sub-Saharan Africa,2.8749629,1,UK
BDI,1949,1949,NA,NA,NA,NA,NA,NA,NA,100,unlimited,62,6 months,NA,NA,38.74,40.94,0.049,Social insurance,91.3852,92.9766,Sub-Saharan Africa,Global South,651.3589,11229,Sub-Saharan Africa,0.6513589,1,Belgium
RWA,1949,1950,NA,NA,NA,NA,NA,NA,NA,85,unlimited,75,6 months,NA,36.34,50.52,53.34,0.045,Social insurance,92.6328,92.4996,Sub-Saharan Africa,Global South,1929.2851,11915.77015,Sub-Saharan Africa,1.9292851,1,Belgium
SOM,1972,NA,NA,NA,NA,NA,NA,NA,NA,100,unlimited,67.5,6 months,NA,NA,35.6,37.8,NA,NA,26.6112,45.4476,Sub-Saharan Africa,Global South,500,NA,Sub-Saharan Africa,0.5,1,UK
DJI,1957,2002,NA,NA,NA,NA,NA,NA,NA,90,unlimited,70.8,unlimited,NA,86.491,42.9,45.9,NA,Social insurance,19.8516,38.632799999999996,Sub-Saharan Africa,Global South,3295.6815,884.017,Sub-Saharan Africa,3.2956815,1,France
ETH,1962,2011,NA,NA,NA,NA,NA,NA,NA,59,unlimited,87.5,12 months,NA,81.508,33.26,35.18,0.174,Social insurance; employer liability,77.4608,85.15,Sub-Saharan Africa,Global South,1838.4903,106467.9687,Sub-Saharan Africa,1.8384903,1,None
AGO,1990,1990,NA,NA,NA,NA,NA,NA,NA,70,unlimited,70,unlimited,NA,NA,49.92,53.18,NA,Employer liability,84.8756,88.708,Sub-Saharan Africa,Global South,7771.4418,22637.95864,Sub-Saharan Africa,7.7714418,1,Portugal
MOZ,1957,NA,NA,NA,NA,NA,NA,NA,NA,85,unlimited,70,unlimited,NA,NA,46.94,49.96,NA,NA,86.449,88.5148,Sub-Saharan Africa,Global South,1132.7709,25998.17064,Sub-Saharan Africa,1.1327709,1,Portugal
ZMB,1929,1945,NA,NA,NA,NA,NA,NA,NA,65,unlimited,50,24 months,NA,46.287,55.72,59.4,0.11900000000000001,Employer liability (involving insurance with a public carrier),79.0602,86.0698,Sub-Saharan Africa,Global South,3534.0337,17254.6803,Sub-Saharan Africa,3.5340337,1,UK
ZWE,1922,1934,NA,NA,NA,NA,NA,NA,NA,65,unlimited,59.2,18 months,NA,77.899,46.839999999999996,49.6,0.254,Employer liability,84.5684,89.0936,Sub-Saharan Africa,Global South,1611.4052,14096.61179,Sub-Saharan Africa,1.6114051999999999,1,UK
MWI,1946,1953,NA,NA,NA,NA,NA,NA,NA,90,54 months,75,unlimited,NA,NA,45.839999999999996,48.379999999999995,0.069,Employer liability (normally involving insurance with a private),78.9376,85.49080000000001,Sub-Saharan Africa,Global South,1116.6402,20216.58889,Sub-Saharan Africa,1.1166402,1,UK
ZAF,1914,1934,NA,NA,NA,NA,NA,NA,NA,75,unlimited,75,24 months,NA,NA,59.54,68.52,0.675,Employer liability (involving insurance with private),54.9862,63.514199999999995,Sub-Saharan Africa,Global South,12165.7948,55341.40254,Sub-Saharan Africa,12.1657948,1,UK
NAM,1924,1941,NA,NA,NA,NA,NA,NA,NA,70,unlimited,75,12 months,NA,NA,65.12,68.66,0.47100000000000003,Social insurance,66.7514,71.9542,Sub-Saharan Africa,Global South,9043.1202,2553.92887,Sub-Saharan Africa,9.043120199999999,1,None
LSO,1977,1977,NA,NA,NA,NA,NA,NA,NA,100,60 months,75,6 months,NA,86.785,49.34,57.74,NA,Social insurance,66.0752,74.3238,Sub-Saharan Africa,Global South,2731.4661,1962.461,Sub-Saharan Africa,2.7314661,1,UK
BWA,1936,1998,NA,NA,NA,NA,NA,NA,NA,100,60 months,50,6 months,NA,86.789,58,63.160000000000004,0.431,Employer liability (normally involving insurance with a private carrier),64.4698,69.78059999999999,Sub-Saharan Africa,Global South,15842.1301,2262.596073,Sub-Saharan Africa,15.8421301,1,UK
SWZ,1963,1983,NA,NA,NA,NA,NA,NA,NA,NA,NA,NA,NA,NA,83.186,59.339999999999996,55.68,0.626,Employer liability (involving insurance with private),57.4608,64.4206,Sub-Saharan Africa,Global South,8068.2118,1087.2,Sub-Saharan Africa,8.0682118,1,UK
MDG,1925,1968,NA,NA,NA,NA,NA,NA,NA,90,unlimited,66.7,12 months,NA,NA,43.8,46.3,0.09300000000000001,Social insurance,89.1774,92.5134,Sub-Saharan Africa,Global South,1427.6004,25683.61,Sub-Saharan Africa,1.4276004,1,France
COM,1946,2006,NA,NA,NA,NA,NA,NA,NA,NA,NA,NA,NA,NA,NA,54.92,58.28,NA,NA,42.5704,58.373400000000004,Sub-Saharan Africa,Global South,1724.4206,821.164,Sub-Saharan Africa,1.7244206,1,France
MUS,1931,1976,NA,NA,NA,NA,NA,NA,NA,NA,NA,NA,NA,NA,NA,38.120000000000005,40.379999999999995,0.682,Social insurance,46.409600000000005,61.8896,Sub-Saharan Africa,Global South,20138.5723,1364.283,Sub-Saharan Africa,20.1385723,1,None
SYC,1970,1987,NA,NA,NA,NA,NA,NA,NA,40,unlimited,58,6 months,NA,NA,42.9,45.5,0.691,Social insurance,NA,NA,Sub-Saharan Africa,NA,29531.0612,94.633,Sub-Saharan Africa,29.5310612,0,None
MAR,1927,1927,NA,NA,NA,NA,NA,NA,NA,95,unlimited,67,unlimited,NA,NA,41.02,43.86,0.39,Employer liability (involving insurance with private),25.2306,50.464,Northern Africa,Global South,8451.1355,35495.83475,Northern Africa,8.4511355,1,France
DZA,1919,1949,NA,NA,NA,NA,NA,NA,NA,90,unlimited,100,unlimited,NA,NA,35.24,36.98,0.5379999999999999,Social insurance,18.7988,46.076,Northern Africa,Global South,14228.025,41489.77454,Northern Africa,14.228024999999999,1,France
TUN,1921,1957,NA,NA,NA,NA,NA,NA,NA,95,unlimited,66.7,6 months,NA,NA,39.1,41.16,0.42,Social insurance,27.9676,50.7642,Northern Africa,Global South,11353.8865,11478.19259,Northern Africa,11.3538865,1,France
LBY,1923,1957,NA,NA,NA,NA,NA,NA,NA,90,unlimited,70,12 months,NA,NA,32.74,34.2,NA,Social insurance,41.0206,56.7566,Northern Africa,Global South,15013.3124,6688.465324,Northern Africa,15.0133124,1,UK
SDN,1908,1974,NA,NA,NA,NA,NA,NA,NA,83.33,unlimited,0,0 months,NA,NA,36.96,39.32,0.621,Social insurance,34.558,60.1934,Northern Africa,Global South,3379.5957,41773.60677,Northern Africa,3.3795957,1,UK
SSD,1908,1974,NA,NA,NA,NA,NA,NA,NA,83.3,unlimited,0,0 months,NA,NA,47.6,50.1,NA,NA,76.2926,80.1226,Sub-Saharan Africa,Global South,500,NA,Sub-Saharan Africa,0.5,1,None
IRN,1936,1943,NA,NA,NA,NA,NA,NA,NA,100,unlimited,75,unlimited,NA,NA,37.64,41.8,0.387,Social insurance,17.5324,46.8364,Southern Asia,Global South,17011.3042,82239.19729,Southern Asia,17.011304199999998,1,None
TUR,1923,1923,NA,NA,NA,NA,NA,NA,NA,75,variable,66.7,variable,duration depends on length of work,NA,40.38,43.72,0.684,Social insurance,NA,NA,Western Asia,NA,19270.2202,85934.89142,Western Asia,19.2702202,0,None
IRQ,1936,1964,NA,NA,NA,NA,NA,NA,NA,80,unlimited,100,12 months,NA,NA,31.22,33.22,NA,NA,14.7272,49.0142,Western Asia,Global South,12835.8126,40012.47841,Western Asia,12.835812599999999,1,UK
EGY,1936,1936,NA,NA,NA,NA,NA,NA,NA,90,unlimited,100,unlimited,NA,NA,43.26,48.38,0.511,Social insurance,20.9548,50.2608,Northern Africa,Global South,11957.2122,102183.736,Northern Africa,11.9572122,1,UK
SYR,1943,1959,NA,NA,NA,NA,NA,NA,NA,80,unlimited,96.7,unlimited,NA,NA,36.28,38.64,0.478,Social insurance,18.639400000000002,49.8628,Western Asia,Global South,3349.4597,16931.27214,Western Asia,3.3494596999999997,1,France
LBN,1943,1963,NA,NA,NA,NA,NA,NA,NA,80,26 months,75,unlimited,NA,81.098,36.7,38.72,0.478,Employer liability (involving insurance with a private carrier),22.511,47.8256,Western Asia,Global South,12558.9669,7707.656046,Western Asia,12.5589669,1,France
JOR,1960,1980,NA,NA,NA,NA,NA,NA,NA,75,unlimited,75,12 months,NA,NA,36.52,38.6,0.446,Social insurance,17.0176,44.4446,Western Asia,Global South,11506.3383,9116.210944,Western Asia,11.5063383,1,UK
ISR,1953,1953,NA,NA,NA,NA,NA,NA,NA,75,unlimited,67.5,3 months,NA,NA,35.16,47.2,0.741,Social insurance,62.3224,67.9152,Western Asia,NA,32954.7701,8460.269367,Western Asia,32.954770100000005,0,None
SAU,1969,1969,NA,NA,NA,NA,NA,NA,NA,100,54 months,100,unlimited,NA,NA,50.56,53,0.774,Social insurance,28.8936,65.6922,Western Asia,Global South,50304.7502,33343.54306,Western Asia,50.3047502,1,None
YEM,1991,1991,NA,NA,NA,NA,NA,NA,NA,20,12 months,NA,NA,NA,NA,37.160000000000004,39.56,0.377,Social insurance,6.7122,42.8608,Western Asia,Global South,2284.8899,30217.09134,Western Asia,2.2848899,1,UK
KWT,1976,1976,NA,NA,NA,NA,NA,NA,NA,72,unlimited,100,6 months,NA,NA,34.1,35.6,0.951,Employer liability,55.9706,80.4516,Western Asia,NA,65520.7367,4229.457223,Western Asia,65.5207367,0,UK
BHR,1976,1976,NA,NA,NA,NA,NA,NA,NA,75,unlimited,100,unlimited,NA,NA,48.5,52.3,0.846,Social insurance,47.63,76.761,Western Asia,Global South,39498.7672,1583.829316,Western Asia,39.4987672,1,UK
QAT,2004,NA,NA,NA,NA,NA,NA,NA,NA,100,unlimited,100,6 months,NA,NA,40.2,42.5,NA,NA,62.5644,91.3578,Western Asia,NA,153764.1643,2605.609691,Western Asia,153.7641643,0,UK
ARE,1980,NA,NA,NA,NA,NA,NA,NA,NA,NA,NA,NA,NA,NA,NA,39,41.3,NA,NA,53.1044,83.6134,Western Asia,NA,76397.8181,9619.465681,Western Asia,76.39781810000001,0,UK
OMN,1977,1977,NA,NA,NA,NA,NA,NA,NA,70,unlimited,100,6 months,NA,NA,34.4,35.6,0.402,Social insurance,34.384,76.5486,Western Asia,Global South,36477.6365,4725.038262,Western Asia,36.4776365,1,Portugal
AFG,1946,1987,NA,NA,NA,NA,NA,NA,NA,NA,NA,NA,NA,NA,86.085,31.9,33.92,NA,NA,20.5542,51.0218,Southern Asia,Global South,1934.555,34940.837,Southern Asia,1.934555,1,None
TKM,1995,1995,NA,NA,NA,NA,NA,NA,NA,70,unlimited,100,unlimited,NA,NA,32.22,40.8,0.526,Social insurance (cash benefits); universal (medical benefits),41.7538,52.5702,Central Asia,Global South,26318.366,5410.328683,Central Asia,26.318366,1,None
TJK,1989,1997,NA,NA,NA,NA,NA,NA,NA,70,unlimited,60,4 months,rate depends on length of work,NA,43.52,38.28,NA,NA,35.2158,47.7172,Central Asia,Global South,4440.3819,8604.338517,Central Asia,4.4403819,1,None
KGZ,1922,1922,NA,NA,NA,NA,NA,NA,NA,40,unlimited,100,unlimited,rate depends on length of work,NA,33.14,40.36,0.44,Social insurance (cash benefits); universal (medical benefits),50.641,65.6576,Central Asia,Global South,5176.9883,5717.831766,Central Asia,5.1769883,1,None
UZB,1993,2005,NA,NA,NA,NA,NA,NA,NA,65,unlimited,100,unlimited,NA,NA,32.52,41.56,0.441,Social insurance (cash benefits); universal (medical benefits),52.041199999999996,65.4726,Central Asia,Global South,11220.3702,30023.49841,Central Asia,11.2203702,1,None
KAZ,1955,2005,NA,NA,NA,NA,NA,NA,NA,100,36 months,100,unlimited,NA,NA,26.34,33.9,0.561,Employer liability (involving insurance with a private carrier); social assistance,68.934,75.78,Central Asia,NA,25307.5554,18323.40361,Central Asia,25.307555400000002,0,None
CHN,1951,1951,NA,NA,NA,NA,NA,NA,NA,85,unlimited,100,12 months,NA,NA,40.82,40.88,0.242,Social insurance; employer liability,65.7814,72.7104,Eastern Asia,Global South,13101.7064,1385439.414,Eastern Asia,13.1017064,1,None
MNG,1994,1994,NA,NA,NA,NA,NA,NA,NA,NA,NA,NA,NA,NA,81.478,34.160000000000004,36.6,NA,NA,60.1804,67.36,Eastern Asia,Global South,13382.5423,3103.428,Eastern Asia,13.382542299999999,1,None
TWN,1958,1958,NA,NA,NA,NA,NA,NA,NA,80,unlimited,70,12 months,NA,NA,29.54,31.759999999999998,0.741,Social insurance,53.8102,63.0434,Eastern Asia,NA,44663.8642,23324.21489,Eastern Asia,44.663864200000006,0,None
PRK,1938,1938,NA,NA,NA,NA,NA,NA,NA,NA,NA,NA,NA,NA,NA,NA,NA,NA,NA,78.2086,83.6512,Eastern Asia,Global South,1596.3517,25381.085,Eastern Asia,1.5963517,1,None
KOR,1938,1938,2020,1,1,1,0.87,0.85,0.83,70,unlimited,75,unlimited,NA,NA,31.82,34.04,0.852,Social insurance,56.3542,68.983,Eastern Asia,NA,37927.6095,51635,Eastern Asia,37.927609499999996,0,None
JPN,1905,1931,2020,0.88,0.62,0.57,1.11,1.06,1,150,unlimited,80,unlimited,NA,NA,31.94,45.18,0.85,Social insurance,52.5798,62.9284,Eastern Asia,NA,38673.8081,125847.7174,Eastern Asia,38.6738081,0,None
IND,1923,1948,NA,NA,NA,NA,NA,NA,NA,80,unlimited,90,unlimited,NA,NA,47.12,48.8,0.079,Social insurance,23.8792,54.871,Southern Asia,Global South,6806.4986,1298135.534,Southern Asia,6.8064986,1,UK
BTN,1979,NA,NA,NA,NA,NA,NA,NA,NA,100,12 months,70,unlimited,rate depends on length of work,NA,40.660000000000004,43.26,NA,Employer liability (involving insurance with a public carrier),62.986799999999995,74.3114,Southern Asia,Global South,3000,NA,Southern Asia,3,1,None
PAK,1923,1962,NA,NA,NA,NA,NA,NA,NA,65,60 months,60,6 months,NA,99.433,34,35.82,0.28600000000000003,Social insurance; employer liability,23.3874,56.089,Southern Asia,Global South,5510.3967,219964.2906,Southern Asia,5.5103967,1,UK
BGD,1923,2006,NA,NA,NA,NA,NA,NA,NA,41.7,12 months,41.7,12 months,6 months,88.545,35.120000000000005,38.8,0.125,Employer liability,38.7772,63.972,Southern Asia,Global South,4099.253,167474.8422,Southern Asia,4.099253,1,None
MMR,1934,1954,NA,NA,NA,NA,NA,NA,NA,70,unlimited,70,12 months,NA,78.725,33.82,35.8,NA,Social insurance,48.106,64.2368,South-eastern Asia,Global South,5838.2173,54399.9982,South-eastern Asia,5.8382173,1,UK
LKA,1934,1954,NA,NA,NA,NA,NA,NA,NA,25,12 months,100,60 months,NA,48.033,48.48,45.2,0.423,Employer liability,36.6274,57.08,Southern Asia,Global South,11662.9064,21731.90162,Southern Asia,11.6629064,1,UK
NPL,1959,2017,NA,NA,NA,NA,NA,NA,NA,NA,NA,NA,NA,NA,NA,38.1,40.56,0.038,Employer liability (involving insurace with a private carrier),82.9518,86.1352,Southern Asia,Global South,2727.4238,29717.587,Southern Asia,2.7274238,1,None
THA,1972,1972,NA,NA,NA,NA,NA,NA,NA,70,unlimited,70,12 months,NA,72.725,39.84,42.5,0.262,Employer liability (involving insurance with a private carrier),64.2616,72.7298,South-eastern Asia,Global South,16648.6237,67515.00451,South-eastern Asia,16.6486237,1,None
KHM,1936,1997,NA,NA,NA,NA,NA,NA,NA,70,unlimited,75,unlimited,4 days of hospitalization,64.892,36.06,38.16,NA,NA,78.67479999999999,85.1206,South-eastern Asia,Global South,3628.5611,16409.21841,South-eastern Asia,3.6285610999999998,1,France
LAO,1936,1999,NA,NA,NA,NA,NA,NA,NA,75,variable,70,6 months,rate depends on length of work,NA,35.839999999999996,38.3,0.067,Social insurance,81.52159999999999,85.0798,South-eastern Asia,Global South,6450.9066,7234.171,South-eastern Asia,6.450906600000001,1,France
MYS,1932,1963,NA,NA,NA,NA,NA,NA,NA,90,unlimited,80,6 months,NA,NA,40.98,44.04,0.36200000000000004,Social insurance,56.056200000000004,71.42699999999999,South-eastern Asia,Global South,24842.3559,31142.72014,South-eastern Asia,24.842355899999998,1,UK
SGP,1932,1975,NA,NA,NA,NA,NA,NA,NA,80,72 months,97,12 months,NA,NA,38.74,43.58,0.726,Employer liability (involving insurance with a private carrier),NA,NA,South-eastern Asia,NA,68402.3451,5995.991,South-eastern Asia,68.4023451,0,None
BRN,1932,1957,NA,NA,NA,NA,NA,NA,NA,100,60 months,66.7,60 months,NA,NA,50.3,53.4,0.88,Employer liability,61.6554,70.42620000000001,South-eastern Asia,Global South,27000,NA,South-eastern Asia,27,1,UK
PHL,1927,1946,NA,NA,NA,NA,NA,NA,NA,60,unlimited,90,4 months,NA,NA,41.36,45.52,0.45799999999999996,Social insurance,52.3074,67.6566,South-eastern Asia,Global South,8139.1395,112105.641,South-eastern Asia,8.1391395,1,Spain
IDN,1939,1992,NA,NA,NA,NA,NA,NA,NA,70,80 months,100,6 months,NA,75.682,47.18,43.58,0.287,Social insurance,56.7654,73.2632,South-eastern Asia,Global South,11851.7372,259494.1174,South-eastern Asia,11.851737199999999,1,Netherlands
AUS,1910,1926,2020,0.86,0,0,1,0.89,0.96,75,unlimited,95,3.25 months,NA,NA,32.42,47.96,0.72,Employer liability (involving insurance with a public or private carrier),58.9298,64.991,Australia and New Zealand,NA,49830.7993,24855.30367,Australia and New Zealand,49.830799299999995,0,UK
PNG,1947,NA,NA,NA,NA,NA,NA,NA,NA,70,unlimited,NA,NA,NA,NA,47.72,50.4,0.064,Employer liability (involving insurance with a private carrier),51.577600000000004,53.2838,Melanesia,Global South,2000,NA,Melanesia,2,1,UK
NZL,1900,1956,2020,1,0,0,0.82,0.77,0.8,100,unlimited,80,12 months,NA,NA,32.839999999999996,47.379999999999995,1,Universal; employer liability (involving insurance with a public carrier),66.1296,72.0084,Australia and New Zealand,NA,35336.1363,4839.623031,Australia and New Zealand,35.3361363,0,UK
VUT,1983,NA,NA,NA,NA,NA,NA,NA,NA,NA,NA,NA,NA,NA,NA,40.08,42.4,NA,NA,64.8612,75.4164,Melanesia,Global South,3000,NA,Melanesia,3,1,None
SLB,1952,1952,NA,NA,NA,NA,NA,NA,NA,100,48 months,75,unlimited,NA,NA,42.9,45.7,0.145,Employer liability (involving insurance with a private carrier),89.1884,92.6274,Melanesia,Global South,2000,NA,Melanesia,2,1,UK
KIR,1949,1949,NA,NA,NA,NA,NA,NA,NA,100,48 months,90,unlimited,NA,NA,39.2,41.1,0.32799999999999996,Employer liability (involving insurance with a private carrier),NA,NA,Micronesia,Global South,1000,NA,Micronesia,1,1,None
FJI,1940,1940,NA,NA,NA,NA,NA,NA,NA,60,60 months,66,60 months,NA,98.526,40.1,42.58,0.401,Employer liability,41.8654,63.0394,Melanesia,Global South,5000,NA,Melanesia,5,1,UK
MHL,1991,1991,NA,NA,NA,NA,NA,NA,NA,NA,NA,NA,NA,NA,NA,NA,NA,NA,NA,NA,NA,Micronesia,Global South,5000,NA,Micronesia,5,1,None
PLW,1987,1987,NA,NA,NA,NA,NA,NA,NA,NA,NA,NA,NA,NA,NA,48.44,51.52,NA,Employer liability,NA,NA,Micronesia,NA,14000,NA,Micronesia,14,0,None
FSM,1968,1982,NA,NA,NA,NA,NA,NA,NA,NA,NA,NA,NA,NA,NA,NA,NA,NA,NA,NA,NA,Micronesia,Global South,4000,NA,Micronesia,4,1,None
WSM,1960,1978,NA,NA,NA,NA,NA,NA,NA,NA,NA,NA,NA,NA,75.657,42.76,45.28,0.535,Employer liability (involving insurance with a private carrier),33.1464,47.6512,Polynesia,Global South,4000,NA,Polynesia,4,1,None
